-- Insert dummy records into Customers table
INSERT INTO Customers (CustomerID, FirstName, LastName, Email, Phone, RegistrationDate) VALUES
(1, 'John', 'Smith', 'john.smith@email.com', '555-0101', '2023-01-15'),
(2, 'Emma', 'Johnson', 'emma.j@email.com', '555-0102', '2023-01-20'),
(3, 'Michael', 'Brown', 'mbrown@email.com', '555-0103', '2023-02-01'),
(4, 'Sarah', 'Davis', 'sarahd@email.com', '555-0104', '2023-02-15'),
(5, 'James', 'Wilson', 'jwilson@email.com', '555-0105', '2023-03-01'),
(6, 'Lisa', 'Anderson', 'lisa.a@email.com', '555-0106', '2023-03-15'),
(7, 'Robert', 'Taylor', 'rtaylor@email.com', '555-0107', '2023-04-01'),
(8, 'Jennifer', 'Thomas', 'jthomas@email.com', '555-0108', '2023-04-15'),
(9, 'William', 'Moore', 'wmoore@email.com', '555-0109', '2023-05-01'),
(10, 'Elizabeth', 'Martin', 'emartin@email.com', '555-0110', '2023-05-15'),
(11, 'David', 'Lee', 'dlee@email.com', '555-0111', '2023-06-01'),
(12, 'Maria', 'Garcia', 'mgarcia@email.com', '555-0112', '2023-06-15'),
(13, 'Joseph', 'Rodriguez', 'jrod@email.com', '555-0113', '2023-07-01'),
(14, 'Margaret', 'Martinez', 'mmartinez@email.com', '555-0114', '2023-07-15'),
(15, 'Charles', 'Robinson', 'crobinson@email.com', '555-0115', '2023-08-01'),
(16, 'Patricia', 'Clark', 'pclark@email.com', '555-0116', '2023-08-15'),
(17, 'Christopher', 'Rodriguez', 'crodriguez@email.com', '555-0117', '2023-09-01'),
(18, 'Linda', 'Lewis', 'llewis@email.com', '555-0118', '2023-09-15'),
(19, 'Daniel', 'Lee', 'dlee2@email.com', '555-0119', '2023-10-01'),
(20, 'Barbara', 'Walker', 'bwalker@email.com', '555-0120', '2023-10-15'),
(21, 'Paul', 'Hall', 'phall@email.com', '555-0121', '2023-11-01'),
(22, 'Sandra', 'Allen', 'sallen@email.com', '555-0122', '2023-11-15'),
(23, 'Mark', 'Young', 'myoung@email.com', '555-0123', '2023-12-01'),
(24, 'Betty', 'King', 'bking@email.com', '555-0124', '2023-12-15'),
(25, 'Donald', 'Wright', 'dwright@email.com', '555-0125', '2024-01-01'),
(26, 'Helen', 'Lopez', 'hlopez@email.com', '555-0126', '2024-01-15'),
(27, 'George', 'Hill', 'ghill@email.com', '555-0127', '2024-01-20'),
(28, 'Donna', 'Scott', 'dscott@email.com', '555-0128', '2024-01-25'),
(29, 'Kenneth', 'Green', 'kgreen@email.com', '555-0129', '2024-01-30'),
(30, 'Carol', 'Adams', 'cadams@email.com', '555-0130', '2024-02-01'),
(31, 'Steven', 'Baker', 'sbaker@email.com', '555-0131', '2024-02-05'),
(32, 'Michelle', 'Gonzalez', 'mgonzalez@email.com', '555-0132', '2024-02-10'),
(33, 'Edward', 'Nelson', 'enelson@email.com', '555-0133', '2024-02-15'),
(34, 'Ruth', 'Carter', 'rcarter@email.com', '555-0134', '2024-02-20'),
(35, 'Kevin', 'Mitchell', 'kmitchell@email.com', '555-0135', '2024-02-25');

-- Insert dummy records into Drivers table
INSERT INTO Drivers (DriverID, FirstName, LastName, Email, Phone, LicenseNumber, VehicleType, Rating) VALUES
(1, 'Marcus', 'Johnson', 'mjohnson@rideapp.com', '555-1001', 'DL789012', 'Sedan', 4.8),
(2, 'Sofia', 'Rodriguez', 'srodriguez@rideapp.com', '555-1002', 'DL789013', 'SUV', 4.9),
(3, 'Ahmed', 'Hassan', 'ahassan@rideapp.com', '555-1003', 'DL789014', 'Sedan', 4.7),
(4, 'Lucy', 'Chen', 'lchen@rideapp.com', '555-1004', 'DL789015', 'SUV', 4.9),
(5, 'Raj', 'Patel', 'rpatel@rideapp.com', '555-1005', 'DL789016', 'Sedan', 4.6),
(6, 'Isabella', 'Martinez', 'imartinez@rideapp.com', '555-1006', 'DL789017', 'SUV', 4.8),
(7, 'Thomas', 'Anderson', 'tanderson@rideapp.com', '555-1007', 'DL789018', 'Sedan', 4.7),
(8, 'Aisha', 'Mohammed', 'amohammed@rideapp.com', '555-1008', 'DL789019', 'SUV', 4.9),
(9, 'Jack', 'Wilson', 'jwilson@rideapp.com', '555-1009', 'DL789020', 'Sedan', 4.8),
(10, 'Maria', 'Santos', 'msantos@rideapp.com', '555-1010', 'DL789021', 'SUV', 4.7),
(11, 'David', 'Kim', 'dkim@rideapp.com', '555-1011', 'DL789022', 'Sedan', 4.8),
(12, 'Priya', 'Singh', 'psingh@rideapp.com', '555-1012', 'DL789023', 'SUV', 4.6),
(13, 'Omar', 'Ali', 'oali@rideapp.com', '555-1013', 'DL789024', 'Sedan', 4.9),
(14, 'Anna', 'Kowalski', 'akowalski@rideapp.com', '555-1014', 'DL789025', 'SUV', 4.8),
(15, 'Carlos', 'Garcia', 'cgarcia@rideapp.com', '555-1015', 'DL789026', 'Sedan', 4.7),
(16, 'Sarah', 'Thompson', 'sthompson@rideapp.com', '555-1016', 'DL789027', 'SUV', 4.8),
(17, 'Miguel', 'Lopez', 'mlopez@rideapp.com', '555-1017', 'DL789028', 'Sedan', 4.9);

-- Insert dummy records into Cabs table
INSERT INTO Cabs (CabID, DriverID, LicensePlate, VehicleType) VALUES
(1, 1, 'ABC1234', 'Sedan'),
(2, 2, 'XYZ5678', 'SUV'),
(3, 3, 'DEF9012', 'Sedan'),
(4, 4, 'GHI3456', 'SUV'),
(5, 5, 'JKL7890', 'Sedan'),
(6, 6, 'MNO1234', 'SUV'),
(7, 7, 'PQR5678', 'Sedan'),
(8, 8, 'STU9012', 'SUV'),
(9, 9, 'VWX3456', 'Sedan'),
(10, 10, 'YZA7890', 'SUV'),
(11, 11, 'BCD1234', 'Sedan'),
(12, 12, 'EFG5678', 'SUV'),
(13, 13, 'HIJ9012', 'Sedan'),
(14, 14, 'KLM3456', 'SUV'),
(15, 15, 'NOP7890', 'Sedan'),
(16, 16, 'QRS1234', 'SUV'),
(17, 17, 'TUV5678', 'Sedan');

-- Insert 20 dummy records into Bookings table
INSERT INTO Bookings (BookingID, CustomerID, CabID, BookingDate, PickupLocation, DropoffLocation, Fare, Status) VALUES
(1, 1, 3, '2023-02-01', '123 Pine Street', '456 Oak Avenue', 25.50, 'Completed'),
(2, 3, 5, '2023-03-01', '789 Maple Road', 'Airport Terminal 1', 45.75, 'Completed'),
(3, 5, 1, '2023-04-01', '321 Elm Street', 'Central Station', 30.00, 'Completed'),
(4, 7, 2, '2023-04-15', 'Shopping Mall', '567 Beach Road', 28.25, 'Completed'),
(5, 8, 4, '2023-05-01', 'Hotel Grand', 'Convention Center', 35.50, 'Completed'),
(6, 10, 7, '2023-05-20', '890 River Lane', 'Sports Stadium', 42.00, 'Cancelled'),
(7, 12, 9, '2023-06-15', 'City Hospital', '234 Park Avenue', 22.75, 'Completed'),
(8, 14, 11, '2023-07-20', '567 Lake Drive', 'University Campus', 33.25, 'Completed'),
(9, 15, 13, '2023-08-05', 'Central Park', '789 Hill Road', 27.50, 'Completed'),
(10, 17, 15, '2023-09-01', 'Train Station', 'Business Park', 38.75, 'Completed'),
(11, 19, 2, '2023-10-10', '123 Market Street', 'Museum Quarter', 29.50, 'Completed'),
(12, 21, 4, '2023-11-15', 'Library Main', '456 Garden Road', 26.25, 'Cancelled'),
(13, 23, 6, '2023-12-01', 'Art Gallery', 'Restaurant Row', 31.50, 'Completed'),
(14, 25, 8, '2024-01-05', '789 Ocean Drive', 'Tech Park', 44.25, 'Completed'),
(15, 27, 10, '2024-01-25', 'Concert Hall', 'Hotel Seaside', 36.75, 'Completed'),
(16, 28, 12, '2024-01-30', '321 Mountain View', 'Shopping Center', 28.50, 'In Progress'),
(17, 30, 14, '2024-02-05', 'Airport Terminal 2', 'Downtown Plaza', 48.25, 'Completed'),
(18, 31, 16, '2024-02-10', '567 Valley Road', 'Sports Complex', 32.75, 'Completed'),
(19, 32, 1, '2024-02-15', 'Medical Center', '890 Forest Lane', 27.25, 'In Progress'),
(20, 33, 3, '2024-02-20', 'Cinema Complex', 'Residential Area', 23.50, 'Completed'),
(21, 25, 10, '2024-02-03', '789 Hill Road', 'Train station', 50.65, 'Completed'),
(22, 25, 2, '2024-03-02', 'Train station', 'Business Park', 40.55, 'Completed'),
(23, 17, 15, '2024-03-02', '456 Garden Road', 'Downtown Plaza', 51.88, 'Completed'),
(24, 17, 15, '2024-03-02', 'Cinema Complex', '890 Forest Lane', 31.87, 'Completed'),
(25, 25, 2, '2024-03-06', 'Art Gallery', 'Tech Park', 53.55, 'Completed'),
(26, 17, 15, '2024-03-14', '321 Mountain View', 'Sports Complex', 51.88, 'Completed');

-- Insert trip details with no null distances or fares
INSERT INTO TripDetails (TripID, BookingID, StartTime, EndTime, Distance, TripFare) VALUES
(1, 1, '2023-02-01 09:30:00', '2023-02-01 10:15:00', 12.5, 25.50),
(2, 2, '2023-03-01 14:15:00', '2023-03-01 15:30:00', 22.8, 45.75),
(3, 3, '2023-04-01 08:45:00', '2023-04-01 09:30:00', 15.0, 30.00),
(4, 4, '2023-04-15 11:20:00', '2023-04-15 12:00:00', 14.1, 28.25),
(5, 5, '2023-05-01 16:30:00', '2023-05-01 17:15:00', 17.7, 35.50),
(6, 7, '2023-06-15 10:45:00', '2023-06-15 11:15:00', 11.3, 22.75),
(7, 8, '2023-07-20 15:30:00', '2023-07-20 16:15:00', 16.6, 33.25),
(8, 9, '2023-08-05 12:15:00', '2023-08-05 12:45:00', 13.7, 27.50),
(9, 10, '2023-09-01 17:45:00', '2023-09-01 18:30:00', 19.3, 38.75),
(10, 11, '2023-10-10 09:15:00', '2023-10-10 09:45:00', 14.7, 29.50),
(11, 13, '2023-12-01 11:45:00', '2023-12-01 12:30:00', 15.7, 31.50),
(12, 14, '2024-01-05 16:15:00', '2024-01-05 17:15:00', 22.1, 44.25),
(13, 15, '2024-01-25 13:30:00', '2024-01-25 14:15:00', 18.3, 36.75),
(14, 16, '2024-01-30 10:00:00', NULL, 14.2, 28.50),  -- In Progress
(15, 17, '2024-02-05 15:45:00', '2024-02-05 16:45:00', 24.1, 48.25),
(16, 18, '2024-02-10 12:30:00', '2024-02-10 13:15:00', 16.3, 32.75),
(17, 19, '2024-02-15 09:45:00', NULL, 13.6, 27.25),  -- In Progress
(18, 20, '2024-02-20 14:00:00', '2024-02-20 14:30:00', 11.7, 23.50),
(19, 21, '2024-02-20 16:15:00', '2024-02-20 17:30:00', 11.7, 23.50),
(20, 22, '2024-03-20 17:45:00', '2024-02-20 18:30:00', 11.7, 23.50),
(21, 23, '2024-03-10 14:00:00', '2024-02-20 14:30:00', 11.7, 23.50),
(22, 24, '2024-03-24 16:15:00', '2024-02-20 17:45:00', 11.7, 23.50),
(23, 25, '2024-03-08 14:00:00', '2024-02-20 15:30:00', 11.7, 23.50),
(24, 26, '2024-03-23 17:45:00', '2024-02-20 18:30:00', 11.7, 23.50);

-- Insert feedback records for completed bookings only
INSERT INTO Feedback (FeedbackID, BookingID, CustomerID, DriverID, Rating, Comments, FeedbackDate) VALUES
(1, 1, 1, 3, 4.5, 'Very comfortable ride, driver was professional', '2023-02-02'),
(2, 2, 3, 5, 5.0, 'Excellent service, reached airport on time', '2023-03-02'),
(3, 3, 5, 1, 4.0, 'Good ride but took a longer route', '2023-04-02'),
(4, 4, 7, 2, 4.8, 'Very friendly driver and clean car', '2023-04-16'),
(5, 5, 8, 4, 4.5, 'Smooth ride to the convention center', '2023-05-02'),
(6, 7, 12, 9, 4.7, 'Driver was very helpful with my luggage', '2023-06-16'),
(7, 8, 14, 11, 5.0, 'Perfect service, very punctual', '2023-07-21'),
(8, 9, 15, 13, 4.6, 'Pleasant conversation and safe driving', '2023-08-06'),
(9, 10, 17, 15, 4.8, 'Very professional service', '2023-09-02'),
(10, 11, 19, 2, 4.3, 'Good ride but AC could be better', '2023-10-11'),
(11, 13, 23, 6, 4.9, 'Outstanding service and navigation', '2023-12-02'),
(12, 14, 25, 8, 4.7, 'Very comfortable SUV and friendly driver', '2024-01-06'),
(13, 15, 27, 10, 4.5, 'Good service, would recommend', '2024-01-26'),
(14, 17, 30, 14, 5.0, 'Excellent ride and very professional driver', '2024-02-06'),
(15, 18, 31, 16, 4.8, 'Great experience, very safe driver', '2024-02-11'),
(16, 20, 33, 3, 4.6, 'Clean car and courteous driver', '2024-02-21');

